영화명,개봉일,첫주매출액,첫주관객수,대표국적,제작사,배급사,등급,장르,감독,배우,총관객수,총매출액,등급2
다크아워,2012-01-05,1165058500,142322,미국,,이십세기폭스코리아(주),12세이상관람가,"SF,액션",크리스 고락,"에밀 허쉬,올리비아 썰비",162704,1321149000,3
원더풀 라디오,2012-01-05,3992913500,541314,한국,"(주)영화사아이비젼,(주)기안컬처테인먼트",쇼박스㈜미디어플렉스,15세이상관람가,"드라마,멜로/로맨스",권칠인,"이민정,이정진,이광수,서영",986287,7255598000,3
밀레니엄 : 여자를 증오한 남자들,2012-01-11,2196718000,281785,미국,,한국소니픽쳐스릴리징브에나비스타영화㈜,청소년관람불가,"스릴러,드라마",데이빗 핀처,"다니엘 크레이그,루니 마라",443855,3504237000,1
장화신은 고양이,2012-01-12,7747103000,883384,미국,,씨제이이앤엠 주식회사,전체관람가,"애니메이션,어드벤처,코미디,판타지",크리스 밀러,"안토니오 반데라스,셀마 헤이엑,자크 갈리피아나키스",2080445,17602643500,2
코알라 키드 : 영웅의 탄생,2012-01-12,737016000,104258,한국,"㈜디지아트프로덕션,더 애니메이션 픽쳐 컴퍼니",롯데쇼핑㈜롯데엔터테인먼트,전체관람가,애니메이션,이경호,"태민,써니,윤다훈,최정현",206344,1439227500,2
네버엔딩 스토리,2012-01-18,1575837500,209516,한국,아일랜드픽처스(주),(주)화앤담이엔티,15세이상관람가,"코미디,멜로/로맨스",정용주,"엄태웅,김현정,정려원,유선,박기웅,박성광,이병준,조동희,최상아,최혜진",283449,2106823000,3
댄싱퀸,2012-01-18,9574583500,1239057,한국,"(주)제이케이필름,씨제이이앤엠 주식회사",씨제이이앤엠 주식회사,12세이상관람가,"코미디,드라마",이석훈,"황정민,엄정화,정성화,오나라,박정민,박사랑,임호걸,정원영",4058225,30130775500,3
부러진 화살,2012-01-18,7074434500,916902,한국,(주)아우라픽처스,(주)넥스트엔터테인먼트월드(NEW),15세이상관람가,드라마,정지영,"안성기,박원상,나영희,김지호,이승훈,이춘연,이홍표,임태연,장길수,장현남,전윤희,조세래,조완기,조유미,최린,최필선",3459864,25937273000,3
우리는 동물원을 샀다,2012-01-18,1338645500,183724,미국,,이십세기폭스코리아(주),전체관람가,"가족,코미디",카메론 크로우,"맷 데이먼,스칼렛 요한슨",276334,1993190500,2
페이스메이커,2012-01-18,2507683500,335960,한국,"(주)드림캡쳐,(주)에이트볼픽쳐스 ,(주)필통픽쳐스","(주)시너지하우스 (시너지),롯데쇼핑㈜롯데엔터테인먼트",12세이상관람가,드라마,김달중,"김명민,권지민,안성기,고아라,최재웅,최태준,최윤성",467697,3443753000,3
잃어버린 세계를 찾아서 2: 신비의 섬,2012-01-19,6844753500,786407,미국,,워너브러더스코리아(주),전체관람가,"액션,어드벤처",브레드 페이튼,"드웨인 존슨,마이클 케인,조쉬 허처슨,바네사 허진스",1149628,9784305000,2
점박이:한반도의 공룡3D,2012-01-26,3976670500,432520,한국,"(주)드림써치C&C,한국교육방송공사 EBS,올리브스튜디오",씨제이이앤엠 주식회사,전체관람가,"애니메이션,어드벤처,액션",한상호,"이형석,신용우,구자형",1050852,9681445500,2
파파,2012-02-01,2256970500,334975,한국,상상필름(주),롯데쇼핑㈜롯데엔터테인먼트,12세이상관람가,"가족,코미디",한지승,"박용우,고아라,손병호,정명숙,최경선",587291,4000072000,3
범죄와의 전쟁: 나쁜놈들 전성시대,2012-02-02,11895618000,1540852,한국,"(주)팔레트픽처스,쇼박스㈜미디어플렉스",쇼박스㈜미디어플렉스,청소년관람불가,"범죄,드라마",윤종빈,"최민식,하정우,조진웅,마동석,곽도원,김성균,박성광,이철민,임자연,임헌호,권종현",4720050,36540327500,1
해피 피트 2,2012-02-02,1023392000,123635,호주,,워너브러더스코리아(주),전체관람가,"애니메이션,코미디,가족",조지 밀러,"일라이저 우드,핑크,로빈 윌리엄스,엘리자베스 데일리,브래드 피트,맷 데이먼",185744,1463939000,2
워 호스,2012-02-09,649028000,90257,미국,,한국소니픽쳐스릴리징브에나비스타영화㈜,12세이상관람가,"전쟁,드라마",스티븐 스필버그,"제레미 어바인,베네딕 컴버배치,에밀리 왓슨,피터 뮬란",102195,734302500,3
토르: 마법망치의 전설,2012-02-09,1853500500,243178,아이슬란드,,"롯데쇼핑㈜롯데엔터테인먼트,(주)스마일이엔티",전체관람가,"애니메이션,어드벤처","오스카 요나손,토비 젠켈,거나 칼슨","하동훈,최효종,김원효,조지훈",768426,5550797500,2
고스트 라이더 : 복수의 화신,2012-02-16,762134000,98662,미국,,롯데쇼핑㈜롯데엔터테인먼트,15세이상관람가,"액션,판타지,스릴러","마크 네브다인,브라이언 테일러","니콜라스 케이지,이드리스 엘바",117265,902998500,3
더 그레이,2012-02-16,1726657500,229559,미국,,(주)팝파트너스,15세이상관람가,"액션,드라마,스릴러",조 카나한,"리암 니슨,더못 멀로니",292217,2198959500,3
아티스트,2012-02-16,274149000,35829,미국,,(주)영화사 진진,12세이상관람가,"멜로/로맨스,코미디,드라마",미셸 아자나비슈스,"진 두자르딘,베레니스 베조,존 굿맨,제임스 크롬웰",120434,921795100,3
우먼 인 블랙,2012-02-16,702557500,95515,영국,,"(주)넥스트엔터테인먼트월드(NEW),KT&G 상상마당 영화사업팀 컴퍼니에스에스(주)",15세이상관람가,"드라마,공포(호러),스릴러",제임스 왓킨스,"다니엘 래드클리프,시어런 힌즈,자넷 맥티어",117188,862144800,3
하울링,2012-02-16,6292530500,858891,한국,오퍼스픽쳐스(유),씨제이이앤엠 주식회사,15세이상관람가,"범죄,드라마",유하,"송강호,이나영,박민규,이민호,임현성,정진,조은별,주영민,한민혁",1612554,11765293500,3
맨 온 렛지,2012-02-22,3052274500,411512,미국,,롯데쇼핑㈜롯데엔터테인먼트,15세이상관람가,"범죄,스릴러",애스게르 레스,"샘 워싱턴,엘리자베스 뱅크스",591841,4393531500,3
언더월드 4: 어웨이크닝,2012-02-22,1549258500,167019,미국,,한국소니픽쳐스릴리징브에나비스타영화㈜,청소년관람불가,"액션,판타지,SF,공포(호러)","만스 말린드,비욘 스테인","케이트 베킨세일,테오 제임스,인디아 아이슬리,마이클 엘리",200038,1861948000,1
철의 여인,2012-02-23,622195000,83681,영국,,필라멘트픽쳐스,12세이상관람가,드라마,필리다 로이드,"메릴 스트립,짐 브로드벤트",144401,1079550500,3
디스 민즈 워,2012-02-29,3017102000,395918,미국,,이십세기폭스코리아(주),15세이상관람가,"액션,코미디,멜로/로맨스",맥지,"리즈 위더스푼,크리스 파인,톰 하디",873396,6661435000,3
러브픽션,2012-02-29,8784017000,1144371,한국,"(주)삼거리픽쳐스 ,(주)판타지오",(주)넥스트엔터테인먼트월드(NEW),15세이상관람가,"멜로/로맨스,코미디",전계수,"하정우,공효진,이병준,지진희,유인나,최유화,전수지,장동찬,정동철,최재용,최준용",1726227,13200551500,3
세이프 하우스,2012-02-29,989058000,132675,미국,,유니버설픽쳐스인터내셔널 코리아(유),15세이상관람가,"액션,스릴러",다니엘 에스피노사,"덴젤 워싱턴,라이언 레이놀즈",163729,1223151500,3
액트 오브 밸러: 최정예 특수부대,2012-02-29,839187000,112628,미국,,씨너스엔터테인먼트(주),15세이상관람가,"액션,어드벤처,스릴러","마이크 맥코이,스콧 워","로셀린 산체즈,네스토르 세라노",139541,1036484500,3
존 카터: 바숨 전쟁의 서막,2012-03-08,4402038000,488732,미국,,한국소니픽쳐스릴리징브에나비스타영화㈜,12세이상관람가,"SF,액션",앤드류 스탠든,"테일러 키치,린 콜린스,윌렘 데포,사만다 모튼",838126,7229870500,3
화차,2012-03-08,7226701500,950095,한국,(주)영화제작소보임,필라멘트픽쳐스,15세이상관람가,미스터리,변영주,"이선균,김민희,조성하,김별,차수연,임남숙,임순옥,장대윤",2436500,18459969500,3
서약,2012-03-14,1440237000,190514,미국,,한국소니픽쳐스릴리징브에나비스타영화㈜,15세이상관람가,"드라마,멜로/로맨스",마이클 수치,"레이첼 맥아덤즈,채닝 테이텀",239483,1810275500,3
가비,2012-03-15,1574959500,214751,한국,(주)오션필름,(주)시네마서비스,15세이상관람가,"드라마,멜로/로맨스,미스터리",장윤현,"주진모,김소연,박희순,유선,손호승,채현우",270602,1969360500,3
크로니클,2012-03-15,2165408000,287789,미국,,이십세기폭스코리아(주),15세이상관람가,"액션,스릴러",조쉬 트랭크,"데인 드한,알렉스 러셀,마이클 B. 조던,애슐리 힌쇼",384398,2884776000,3
건축학개론,2012-03-22,7158305000,962842,한국,(주)명필름,롯데쇼핑㈜롯데엔터테인먼트,12세이상관람가,"멜로/로맨스,드라마",이용주,"엄태웅,한가인,이제훈,수지,고준희,조정석",4111237,30223590400,3
언터처블: 1%의 우정,2012-03-22,4352439000,584253,프랑스,,(주)넥스트엔터테인먼트월드(NEW),12세이상관람가,"코미디,드라마","올리비에 나카슈,에릭 톨레다노","프랑수아 클뤼제,오마르 시",1720910,12737443000,3
시체가 돌아왔다,2012-03-29,3609328000,481456,한국,(주)씨네이천,씨제이이앤엠 주식회사,15세이상관람가,"범죄,드라마",우선호,"이범수,류승범,김옥빈,정만식,유다인,신정근,고창석,정인기,오정세,배정남,최동헌,김병오,최태환",986923,7360631000,3
타이탄의 분노,2012-03-29,5746329000,654797,미국,,워너브러더스코리아(주),12세이상관람가,"액션,판타지",조나단 리브스만,"샘 워싱턴,리암 니슨,랄프 파인즈,로자문드 파이크,대니 허스튼",893027,7591124500,3
헝거게임: 판엠의 불꽃,2012-04-05,3144612500,425606,미국,라이온스 게이트 필름즈,롯데쇼핑㈜롯데엔터테인먼트,15세이상관람가,"액션,드라마,SF",게리 로스,"제니퍼 로렌스,조쉬 허처슨,리암 헴스워스,엘리자베스 뱅크스",607956,4478418000,3
간기남,2012-04-11,3586663500,472783,한국,"(주)트로피엔터테인먼트,㈜더드림앤드픽쳐스",쇼박스㈜미디어플렉스,청소년관람불가,"코미디,스릴러",김형준,"박희순,박시연,주상욱,김정태,이한위,이광수,박희순,차수연,전승환,차종호",1246185,9356404500,1
배틀쉽,2012-04-11,9761778500,1322147,미국,,유니버설픽쳐스인터내셔널 코리아(유),12세이상관람가,"SF,액션",피터 버그,"리암 니슨,테일러 키치,알렉산더 스카르가드,브룩클린 데커,리한나",2241687,16545921500,3
은교,2012-04-25,5466094000,747210,한국,"정지우 필름,㈜렛츠필름",롯데쇼핑㈜롯데엔터테인먼트,청소년관람불가,멜로/로맨스,정지우,"박해일,김무열,김고은,이후빈,임민경",1346362,9918298444,1
어벤져스,2012-04-26,21346811500,2414681,미국,,한국소니픽쳐스릴리징브에나비스타영화㈜,12세이상관람가,"액션,SF",조스 웨던,"로버트 다우니 주니어,스칼렛 요한슨,크리스 헴스워스,크리스 에반스,제레미 레너",7074867,59557853478,3
짱구는 못말려 극장판: 태풍을 부르는 황금스파이 대작전,2012-04-26,717719000,109307,일본,,롯데쇼핑㈜롯데엔터테인먼트,전체관람가,애니메이션,마스이 소이치,"야지마 아키코,나라하시 미키,후지와라 케이지",272062,1804032000,2
로렉스,2012-05-03,1591957500,213081,미국,,유니버설픽쳐스인터내셔널 코리아(유),전체관람가,애니메이션,"크리스 리노드,카일 발다","대니 드비토,잭 에프런",298780,2153198000,2
백설공주,2012-05-03,2406111000,342458,미국,,롯데쇼핑㈜롯데엔터테인먼트,전체관람가,"판타지,어드벤처",타셈 싱,"줄리아 로버츠,릴리 콜린스,어미 하머",585473,4097396000,2
코리아,2012-05-03,5679458500,780856,한국,"(주)더타워픽쳐스,씨제이이앤엠 주식회사,(주)웰메이드스타엠",씨제이이앤엠 주식회사,12세이상관람가,드라마,문현성,"하지원,배두나,한예리,최윤영,박철민,김응수,오정세,이종석,박영서,박정학",1872681,13448848500,3
다크 섀도우,2012-05-10,3555057000,476381,미국,,워너브러더스코리아(주),15세이상관람가,"드라마,공포(호러),스릴러,미스터리",팀 버튼,"조니 뎁,미셸 파이퍼,에바 그린",582126,4326459000,3
내 아내의 모든 것,2012-05-17,8337859000,1112656,한국,"(주)수필름,영화사 집",(주)넥스트엔터테인먼트월드(NEW),15세이상관람가,"코미디,멜로/로맨스",민규동,"임수정,이선균,류승룡,이달형,이진희,김도균,김선일,최차원",4598985,34224467500,3
돈의 맛,2012-05-17,5455850111,724687,한국,휠므빠말주식회사,"(주)시너지하우스 (시너지),롯데쇼핑㈜롯데엔터테인먼트",청소년관람불가,드라마,임상수,"김강우,백윤식,윤여정,김효진,온주완",1166018,8780178611,1
맨 인 블랙 3,2012-05-24,15609141500,1846007,미국,,한국소니픽쳐스릴리징브에나비스타영화㈜,12세이상관람가,"액션,코미디,SF",베리 소넨필드,"윌 스미스,토미 리 존스,조쉬 브롤린,제메인 클레멘트,알렉 볼드윈",3379762,27301520070,3
미확인 동영상 : 절대클릭금지,2012-05-30,2840580000,414076,한국,"(유)에이디사공육,(주)다세포클럽",쇼박스㈜미디어플렉스,15세이상관람가,공포(호러),김태경,"박보영,주원,강별,최대호,전희수,박민영",867386,5939840500,3
스노우 화이트 앤 더 헌츠맨,2012-05-30,3657972000,497434,미국,,유니버설픽쳐스인터내셔널 코리아(유),12세이상관람가,"액션,어드벤처,판타지",루퍼트 샌더스,"샤를리즈 테론,크리스틴 스튜어트,크리스 헴스워스",636631,4646250000,3
차형사,2012-05-30,3966231219,539473,한국,(주)영화사홍,씨제이이앤엠 주식회사,15세이상관람가,"코미디,액션",신태라,"강지환,성유리,이수혁,김영광,신민철,손현우,윤봉길,이태형,이한샘,최영민,최진규,한대희",1346754,9752555296,3
마다가스카3 : 이번엔 서커스다!,2012-06-06,5316937500,663346,미국,,씨제이이앤엠 주식회사,전체관람가,"애니메이션,어드벤처,코미디","에릭 다넬,톰 맥그라스,콘래드 베논","벤 스틸러,크리스 록,데이빗 쉼머,제이다 핀켓 스미스,프란시스 맥도먼드",1629892,12521508500,2
프로메테우스,2012-06-06,5512090099,616678,미국,,이십세기폭스코리아(주),청소년관람불가,"SF,스릴러",리들리 스콧,"노미 라파스,마이클 패스벤더,샤를리즈 테론,가이 피어스,이드리스 엘바",971482,8600146099,1
후궁 : 제왕의 첩,2012-06-06,8661175000,1168362,한국,(주)황기성 사단,롯데쇼핑㈜롯데엔터테인먼트,청소년관람불가,"사극,멜로/로맨스",김대승,"조여정,김동욱,김민준,조은지,박지영,이경영,박철민,장지민,전주병,정일원",2636320,19330302500,1
락아웃: 익스트림미션,2012-06-14,2259105000,308773,미국,,롯데쇼핑㈜롯데엔터테인먼트,15세이상관람가,"SF,액션,스릴러","제임스 매더스,스테판 St. 레게르","가이 피어스,매기 그레이스,조셉 길건",462176,3373780000,3
사다코 3D : 죽음의 동영상,2012-06-14,981145532,105307,일본,,KT&G 상상마당 영화사업팀 컴퍼니에스에스(주),15세이상관람가,공포(호러),하나부사 츠토무,"이시하라 사토미,세토 코지,야마모토 유스케",122382,1128635032,3
미쓰GO,2012-06-21,3238119500,442916,한국,영화사 도로시(주),(주)넥스트엔터테인먼트월드(NEW),15세이상관람가,"액션,코미디,범죄",박철관,"고현정,유해진,성동일,이문식,고창석,박신양,김병철,정우식,조석현,한동룡",611685,4441859000,3
아부의 왕,2012-06-21,2491853000,351036,한국,(주)황금주전자,롯데쇼핑㈜롯데엔터테인먼트,15세이상관람가,코미디,정승구,"송새벽,성동일,김성령,고창석,이병준,한채아,이철민,진선규,정승욱,조화영",497880,3511102500,3
어메이징 스파이더맨,2012-06-28,19141061700,2158278,미국,,한국소니픽쳐스릴리징브에나비스타영화㈜,12세이상관람가,액션,마크 웹,"앤드류 가필드,엠마 스톤,마틴 쉰,샐리 필드",4853123,41163951235,3
캐빈 인 더 우즈,2012-06-28,1384983500,185539,미국,,롯데쇼핑㈜롯데엔터테인먼트,청소년관람불가,"공포(호러),스릴러",드류 고다드,"크리스 헴스워스,크리스틴 코놀리,안나 허치슨,프란 크랜즈,제시 윌리엄스,리차드 젠킨스",228090,1710273500,1
더 레이븐,2012-07-05,901240500,123046,미국,,롯데쇼핑㈜롯데엔터테인먼트,청소년관람불가,스릴러,제임스 맥티그,"존 쿠삭,루크 에반스,앨리스 이브",153581,1125457000,1
모모와 다락방의 수상한 요괴들,2012-07-05,896251500,134677,일본,,타임스토리그룹(주),전체관람가,"애니메이션,드라마",오키우라 히로유키,"미야마 카렌,유카,이선,김준현,양상국,안윤상",300333,1989020000,2
미드나잇 인 파리,2012-07-05,915108597,125074,미국,,(주)나이너스엔터테인먼트,15세이상관람가,"코미디,멜로/로맨스,판타지",우디 알렌,"오웬 윌슨,마리온 꼬띨라르,레이첼 맥아담스,애드리언 브로디",357798,2649505134,3
연가시,2012-07-05,13692380664,1916304,한국,(주)오죤필름,씨제이이앤엠 주식회사,15세이상관람가,"공포(호러),SF",박정우,"김명민,강지원,문정희,김동완,이하늬,강신일,최일화,이행춘,장형원,정경임,최동헌,김상오,최정수",4515833,32175400664,3
나는 공무원이다,2012-07-12,1442171000,203793,한국,마포필름,(주)넥스트엔터테인먼트월드(NEW),전체관람가,"코미디,드라마",구자홍,"윤제문,송하윤,성준,김희정,이충직",217790,1538400500,2
두 개의 달,2012-07-12,2268386026,325473,한국,"(주)고스트픽처스,(주)주피터필름,롯데쇼핑㈜롯데엔터테인먼트",롯데쇼핑㈜롯데엔터테인먼트,15세이상관람가,공포(호러),김동빈,"박한별,김지석,박진주,라미란,박원상,정원",426706,2949348748,3
리미트리스,2012-07-12,786592000,109814,미국,,팝엔터테인먼트,15세이상관람가,"미스터리,스릴러,액션",닐 버거,"브래들리 쿠퍼,애비 코니시,로버트 드니로",121538,870473000,3
5백만불의 사나이,2012-07-19,717733500,101692,한국,"(주)하리마오픽쳐스,(주)제이와이피엔터테인먼트,(주)바른손",씨제이이앤엠 주식회사,15세이상관람가,코미디,김익로,"박진영,조성하,민효린,조희봉,오정세,이병준,주광현,한유림",104736,739789500,3
다크 나이트 라이즈,2012-07-19,23520677000,3197994,미국,,워너브러더스코리아(주),15세이상관람가,"액션,범죄,스릴러",크리스토퍼 놀란,"크리스찬 베일,게리 올드만,앤 해서웨이,톰 하디,조셉 고든 레빗",6396615,47645513000,3
명탐정 코난: 11번째 스트라이커,2012-07-19,1593049500,247135,일본,,씨제이이앤엠 주식회사,12세이상관람가,애니메이션,"시즈노 코분,야마모토 야스이치로","김선혜,강수진,이정구,이현진",524914,3363777000,3
극장판 도라에몽: 진구와 기적의 섬 애니멀 어드벤처,2012-07-25,590543500,92216,일본,,롯데쇼핑㈜롯데엔터테인먼트,전체관람가,"애니메이션,어드벤처",쿠스바 고조,,165640,1071505500,2
도둑들,2012-07-25,27671927500,3858088,한국,(주)케이퍼필름,쇼박스㈜미디어플렉스,15세이상관람가,"액션,범죄",최동훈,"김윤석,김혜수,이정재,전지현,임달화,김해숙,오달수,김수현,이신제,증국상,서영주,장동,장현문,정윤헌,조상원,한규석",12983330,93665568500,3
무서운 이야기,2012-07-25,1398594566,190522,한국,"(주)수필름,(주)데이지엔터테인먼트",롯데쇼핑㈜롯데엔터테인먼트,청소년관람불가,공포(호러),"정범식,임대웅,홍지영,김선,민규동","김현수,노강민,진태현,최윤영,남보라,정은채,배수빈,나영희,임성민,김지영,김예원,조한철,유연석,김지원,이한상,정미남",331760,2452368566,1
아이스 에이지 4: 대륙 이동설,2012-07-25,5315003704,693706,미국,,이십세기폭스코리아(주),전체관람가,"애니메이션,어드벤처,코미디,가족","스티브 마티노,마이크 트메이어","존 레귀자모,레이 로마노,데니스 레리,퀸 라티프,제니퍼 로페즈",1648110,12291969704,2
새미의 어드벤쳐 2,2012-08-01,5213902500,665397,벨기에,,씨제이이앤엠 주식회사,전체관람가,"애니메이션,어드벤처",벤 스타센,"아이유,이기광,김원효",1457406,10856334000,2
나는 왕이로소이다,2012-08-08,4045285404,587637,한국,(주)데이지엔터테인먼트,롯데쇼핑㈜롯데엔터테인먼트,12세이상관람가,"사극,코미디",장규성,"주지훈,백윤식,변희봉,박영규,임원희,이하늬,백도빈,김수로,김소현,전지혜,정지현,조대희,최대원,김상용,한여울",790181,5455343404,3
빌리와 용감한 녀석들 3D,2012-08-08,1003245000,150773,독일,,(주)에스비에스콘텐츠허브,전체관람가,"애니메이션,가족","라인하드 클루스,호거 태프",,299691,1962190500,2
R2B: 리턴투베이스,2012-08-15,5935504371,822430,한국,"(주)주머니필름,(주)빨간마후라,씨제이이앤엠 주식회사",씨제이이앤엠 주식회사,15세이상관람가,"액션,드라마",김동원,"정지훈,유준상,신세경,김성수,이하나,이종석,정경호,조성하,오달수,정석원,임태열,정호빈,김성철",1201944,8602921371,3
스텝업4 : 레볼루션,2012-08-15,3437110500,447603,미국,,롯데쇼핑㈜롯데엔터테인먼트,12세이상관람가,멜로/로맨스,스콧 스피어,"라이언 구즈만,캐서린 맥코믹",953871,7157894000,3
토탈 리콜,2012-08-15,6523744500,879348,미국,,한국소니픽쳐스릴리징브에나비스타영화㈜,15세이상관람가,"SF,액션",렌 와이즈먼,"콜린 파렐,케이트 베킨세일,제시카 비엘",1219637,8958236000,3
이웃사람,2012-08-22,9623525455,1297524,한국,"영화사 무쇠팔,플로우식스(주),자이온이엔티(주),(주)누리픽쳐스,히트박스",롯데쇼핑㈜롯데엔터테인먼트,청소년관람불가,스릴러,김휘,"김윤진,마동석,천호진,김성균,김새론,임하룡,장영남,도지한,차현우,김동현,한재훈",2434269,18088462369,1
공모자들,2012-08-29,6634737000,893586,한국,(주)영화사채움,"씨너스엔터테인먼트(주),타임스토리그룹(주)",청소년관람불가,"범죄,스릴러",김홍선,"임창정,최다니엘,오달수,조윤희,조달환,정지윤,최일화,박일목,임향주,권태호,최은용,최지향",1646142,12240964500,1
링컨: 뱀파이어 헌터,2012-08-30,2375855000,295854,미국,,이십세기폭스코리아(주),청소년관람불가,"액션,스릴러,공포(호러)",티무르 베크맘베토브,"벤자민 워커,도미닉 쿠퍼,루퍼스 스웰,메리 엘리자베스 윈스테드",345175,2753130000,1
본 레거시,2012-09-06,5512519500,754761,미국,,유니버설픽쳐스인터내셔널 코리아(유),15세이상관람가,"액션,스릴러",토니 길로이,"제레미 레너,레이첼 웨이즈,에드워드 노튼,조안 알렌,알버트 피니",1015832,7412838000,3
익스펜더블 2,2012-09-06,2554389228,353507,미국,,롯데쇼핑㈜롯데엔터테인먼트,15세이상관람가,"액션,어드벤처",사이먼 웨스트,"실베스터 스탤론,브루스 윌리스,아놀드 슈왈제네거,제이슨 스타뎀,이연걸,장 끌로드 반담,척 노리스,리암 헴스워스,돌프 룬드그렌,테리 크루즈",444434,3208867228,3
피에타,2012-09-06,1224008000,171524,한국,김기덕 필름,(주)넥스트엔터테인먼트월드(NEW),청소년관람불가,드라마,김기덕,"조민수,이정진,권세인,강승헌,김순모",603283,4355592500,1
"광해, 왕이 된 남자",2012-09-13,13480586000,1854694,한국,"리얼라이즈픽쳐스(주),씨제이이앤엠 주식회사",씨제이이앤엠 주식회사,15세이상관람가,"사극,드라마",추창민,"이병헌,류승룡,한효주,장광,김인권,심은경,김명곤,서진원,장재현,정창국,조혜정,김남준",12323291,88907726769,3
늑대아이,2012-09-13,709434761,104852,일본,,(주)미디어데이,전체관람가,"애니메이션,판타지,멜로/로맨스,드라마,어드벤처",호소다 마모루,"미야자키 아오이,오오사와 타카오",337729,2322956761,2
레지던트 이블 5 : 최후의 심판,2012-09-13,3369377500,383555,미국,,한국소니픽쳐스릴리징브에나비스타영화㈜,청소년관람불가,"액션,공포(호러),SF,스릴러",폴 W.S. 앤더슨,"밀라 요보비치,미셸 로드리게즈,리빙빙,시에나 길로리,오데드 페르",558433,4757460500,1
간첩,2012-09-20,3764608500,535576,한국,(주)영화사울림,롯데쇼핑㈜롯데엔터테인먼트,15세이상관람가,"드라마,코미디,액션",우민호,"김명민,박일목,유해진,염정아,변희봉,정겨운,장호준,정병두,조민호,최두선,박유영",1310895,9316548500,3
테드: 황금도시 파이티티를 찾아서,2012-09-20,763595000,106838,스페인,,(주)싸이더스에프앤에이치,전체관람가,애니메이션,엔리케 가토,"하동훈,보라",206320,1453568500,2
19곰 테드,2012-09-27,1204664674,157863,미국,,유니버설픽쳐스인터내셔널 코리아(유),청소년관람불가,"코미디,판타지",세스 맥파라인,"마크 월버그,밀라 쿠니스,세스 맥파라인",266574,2034959293,1
메리다와 마법의 숲,2012-09-27,5783126000,764174,미국,,한국소니픽쳐스릴리징브에나비스타영화㈜,전체관람가,애니메이션,"마크 앤드류스,브렌다 채프먼","켈리 맥도날드,빌리 코놀리,엠마 톰슨,강소라",1231024,9024766000,2
테이큰 2,2012-09-27,13475378553,1762375,프랑스,,이십세기폭스코리아(주),청소년관람불가,"액션,범죄,드라마",올리비에 메가톤,"리암 니슨,매기 그레이스,팜키 얀센,라드 세르베드지야",2308596,17581098553,1
점쟁이들,2012-10-03,4886005500,680764,한국,"㈜사람엔터테인먼트,(주)다세포클럽",(주)넥스트엔터테인먼트월드(NEW),15세이상관람가,"코미디,공포(호러)",신정원,"김수로,강예원,이제훈,곽도원,김윤혜,양경모,임철형,임혁진,권성휘,장원욱,조인영,김남수,최상준,최정화,최홍선,박유영",953682,6731202500,3
루퍼,2012-10-11,2432229000,328593,미국,,(주)에스비에스콘텐츠허브,청소년관람불가,"SF,액션",라이언 존슨,"조셉 고든 레빗,브루스 윌리스,에밀리 블런트",571922,4265566000,1
위험한 관계,2012-10-11,1466890230,204345,중국,,씨제이이앤엠 주식회사,청소년관람불가,"멜로/로맨스,전쟁,드라마",허진호,"장동건,장쯔이,장백지",298086,2122666230,1
회사원,2012-10-11,5658098500,753905,한국,"영화사심미안(주),쇼박스㈜미디어플렉스,(주)51k",쇼박스㈜미디어플렉스,청소년관람불가,"액션,드라마",임상윤,"소지섭,이미연,곽도원,김동준,이경영,한보배,정종열,이학렬,임상윤,곽승원,김봉준",1110523,8321175000,1
용의자X,2012-10-18,6086727000,842433,한국,"(주)케이앤엔터테인먼트,씨제이이앤엠 주식회사",씨제이이앤엠 주식회사,15세이상관람가,미스터리,방은진,"류승범,이요원,조진웅",1552055,11241013000,3
강철대오:구국의 철가방,2012-10-25,1316459656,189710,한국,스페이스엠(주),롯데쇼핑㈜롯데엔터테인먼트,15세이상관람가,코미디,육상효,"김인권,유다인,조정석,박철민,이현학,임명현,임진택,임하나,김경재,김선혜,한국진",233211,1614867156,3
007 스카이폴,2012-10-26,9169413000,1235323,미국,,소니픽쳐스릴리징월트디즈니스튜디오스코리아(주),15세이상관람가,액션,샘 멘데스,"다니엘 크레이그,하비에르 바르뎀,주디 덴치,랄프 파인즈,나오미 해리스,베레니스 말로히",2376266,17487818000,3
늑대소년,2012-10-31,11656359500,1636321,한국,(주)영화사비단길,씨제이이앤엠 주식회사,15세이상관람가,"멜로/로맨스,드라마,판타지",조성희,"송중기,박보영,장영남,유연석,김향기,장서이,최광락,한민혁",6654842,46593140500,3
아르고,2012-10-31,709541500,98558,미국,,워너브러더스코리아(주),15세이상관람가,스릴러,벤 애플렉,"벤 애플렉,존 굿맨,알란 아킨,브라이언 크랜스튼,카일 챈들러",140736,1001059500,3
내가 살인범이다,2012-11-08,7790289500,1043970,한국,"(주)다세포클럽,쇼박스㈜미디어플렉스",쇼박스㈜미디어플렉스,청소년관람불가,"액션,스릴러",정병길,"정재영,박시후,최원영,김영애,정건영,장규미,장금단,권귀덕,정용견,정진근,금경배,김경석,최신호,최은애,강봉성",2729830,20392542000,1
업사이드 다운,2012-11-08,1096202145,155458,캐나다,,롯데쇼핑㈜롯데엔터테인먼트,12세이상관람가,"SF,판타지",후안 디에고 솔라나스,"커스틴 던스트,짐 스터게스,제인 하이트메이어",175349,1229283645,3
브레이킹 던 part2,2012-11-15,9939459500,1395256,미국,,(주)넥스트엔터테인먼트월드(NEW),15세이상관람가,"드라마,판타지,멜로/로맨스",빌 콘돈,"크리스틴 스튜어트,로버트 패틴슨,테일러 로트너,다코타 패닝",2654817,18909583065,3
자칼이 온다,2012-11-15,1200241000,176382,한국,(주)노마드필름,롯데쇼핑㈜롯데엔터테인먼트,15세이상관람가,코미디,배형준,"송지효,김재중,오달수,한상진,김성령",210278,1430079500,3
남영동1985,2012-11-22,1896951601,267756,한국,(주)아우라픽처스,"씨너스엔터테인먼트(주),(주)엣나인필름",15세이상관람가,드라마,정지영,"박원상,이경영,명계남,김의성,서동수,이천희,김중기,문성근,우희진,이창진,이후창,최필선",332619,2358629601,3
돈 크라이 마미,2012-11-22,4956355000,711856,한국,(주)씨네마골뱅이,(주)에스비에스콘텐츠허브,15세이상관람가,"스릴러,드라마",김용한,"유선,남보라,유오성,동호,권현상,이해신,전진희",975462,6808882099,3
26년,2012-11-29,8008612000,1108678,한국,영화사청어람(주),"(주)인벤트스톤,영화사청어람(주)",15세이상관람가,"액션,드라마",조근현,"진구,한혜진,임슬옹,배수빈,이경영,장광,천우희,이현걸,전종석,정광재,지성용,김병오",2963652,21242367145,3
가디언즈,2012-11-29,3390822500,406173,미국,드림웍스 애니메이션,씨제이이앤엠 주식회사,전체관람가,"애니메이션,어드벤처",피터 램지,"크리스 파인,알렉 볼드윈,휴 잭맨,주드 로,아일라 피셔,다코타 고요,이제훈,류승룡,유해진,이종혁,한혜진",1075848,8213608000,2
음치 클리닉,2012-11-29,1690963000,252832,한국,㈜전망좋은 영화사,롯데쇼핑㈜롯데엔터테인먼트,12세이상관람가,"멜로/로맨스,코미디",김진영,"박하선,윤상현,박철민,이진호,정동철,정연식,김동현,한여울",338168,2248238000,3
나의 PS 파트너,2012-12-06,6004773116,801013,한국,나의PS파트너 문화산업전문회사,씨제이이앤엠 주식회사,청소년관람불가,"멜로/로맨스,코미디",변성현,"지성,김아중,신소율,강경준,김성오,정수영,문지윤,김보미",1831737,13896958616,1
늑대소년-확장판,2012-12-06,1767799500,252641,한국,(주)영화사비단길,씨제이이앤엠 주식회사,15세이상관람가,"멜로/로맨스,드라마,판타지",조성희,"송중기,박보영,장영남,유연석,김향기",414285,2869918500,3
극장판 파워레인저: 캡틴포스 VS 미라클포스 199 히어로 대결전,2012-12-13,533498000,78018,일본,,롯데쇼핑㈜롯데엔터테인먼트,전체관람가,애니메이션,타케모토 노보루,치바 유다이,110771,759092000,2
원 데이,2012-12-13,1029967000,142537,미국,,(주)팝파트너스,15세이상관람가,"드라마,멜로/로맨스",론 쉐르픽,"앤 해서웨이,짐 스터게스",203332,1496053000,3
호빗: 뜻밖의 여정,2012-12-13,12767937566,1529027,미국,,워너브러더스코리아(주),12세이상관람가,"어드벤처,판타지",피터 잭슨,"마틴 프리먼,이안 맥켈런,리차드 아미타지,케이트 블란쳇,크리스토퍼 리,일라이저 우드,앤디 서키스,휴고 위빙,베네딕 컴버배치",2818993,23436820716,3
가문의 영광5 - 가문의 귀환,2012-12-19,5486195500,766399,한국,(주)태원엔터테인먼트,롯데쇼핑㈜롯데엔터테인먼트,15세이상관람가,코미디,정용기,"정준호,김민정,유동근,성동일,박근형,박상욱,윤두준,황광희,유민,손나은",1160021,8330342500,3
극장판 포켓몬스터 베스트위시「메로엣타의 반짝반짝 음악회」,2012-12-19,745857250,222436,일본,,,전체관람가,애니메이션,유야마 쿠니히코,,287975,963673250,2
극장판 포켓몬스터 베스트위시「큐레무 VS 성검사 케르디오」,2012-12-19,1026438250,265489,일본,,씨제이이앤엠 주식회사,전체관람가,애니메이션,유야마 쿠니히코,"마츠모토 리카,오타니 이쿠에,미야노 마모루",348991,1358313750,2
레미제라블,2012-12-19,14118415000,1929159,미국,,유니버설픽쳐스인터내셔널 코리아(유),12세이상관람가,드라마,톰 후퍼,"휴 잭맨,러셀 크로우,앤 해서웨이,아만다 사이프리드,헬레나 본햄 카터",5916675,43057935500,3
반창꼬,2012-12-19,7801228000,1082668,한국,(주)영화사오름,(주)넥스트엔터테인먼트월드(NEW),15세이상관람가,멜로/로맨스,정기훈,"고수,한효주,마동석,김성오,쥬니,진서연,장원종",2475797,17911274787,3
주먹왕 랄프,2012-12-19,3099236500,425633,미국,,소니픽쳐스릴리징월트디즈니스튜디오스코리아(주),전체관람가,애니메이션,리치 무어,"존 C. 레일리,잭 맥브레이어,제인 린치",918299,6590479500,2
니코: 산타비행단의 모험,2012-12-25,1676033500,243062,핀란드,,씨너스엔터테인먼트(주),전체관람가,"애니메이션,어드벤처,가족","캐리 주스넌,요르겐 레르담","카리 히타라티,카리 케토넨,엘레나 크니틸라,주원,김원효,나르샤",407448,2787570000,2
잠베지아: 신비한 나무섬의 비밀,2012-12-25,1754592000,240603,남아프리카공화국,,롯데쇼핑㈜롯데엔터테인먼트,전체관람가,애니메이션,웨인 쏜리,"사무엘 L. 잭슨,애비게일 브레슬린,제프 골드블럼,짐 커밍스,유준상,하동훈,노홍철",472692,3333947000,2
타워,2012-12-25,14658256500,2014589,한국,"씨제이이앤엠 주식회사,(주)더타워픽쳐스",씨제이이앤엠 주식회사,12세이상관람가,드라마,김지훈,"설경구,손예진,김상경,김인권,도지한,안성기,이한위,김성오,송재호,차인표,박철민,조민아,권현상,박정학",5181014,37654858000,3
라이프 오브 파이,2013-01-01,6098936500,654265,미국,,이십세기폭스코리아(주),전체관람가,"어드벤처,드라마",이안,"수라즈 샤르마,이르판 칸,라프 스팰,라프 스팰",1593463,15870581500,2
마이 리틀 히어로,2013-01-09,1040655128,147585,한국,굿초이스컷픽쳐스(주),씨제이이앤엠 주식회사,전체관람가,드라마,김성훈,"김래원,지대한,이성민,조안,이광수",185978,1302907128,2
박수건달,2013-01-09,9728491500,1328287,한국,"주식회사 제이앤피,박수건달문화산업전문(유),쇼박스㈜미디어플렉스",쇼박스㈜미디어플렉스,15세이상관람가,코미디,조진규,"박신양,김정태,엄지원,정혜영,김성균,최일화,최지호,김형범,장원종",3897969,28379548569,3
클라우드 아틀라스,2013-01-09,2607373128,345990,미국,,(주)넥스트엔터테인먼트월드(NEW),청소년관람불가,"SF,판타지","앤디 워쇼스키,라나 워쇼스키,톰 튀크베어","톰 행크스,할리 베리,휴 그랜트,배두나,짐 스터게스,벤 위쇼,휴고 위빙,수잔 서랜든",452995,3413901727,1
파이스토리 : 악당상어 소탕작전,2013-01-10,1295495000,189706,미국,,(주)에스비에스콘텐츠허브,전체관람가,애니메이션,마크 A.Z. 디페,"드레이크 벨,앤디 딕,김병만,남보라,류담",267440,1808263000,2
더 임파서블,2013-01-17,3170490500,443800,스페인,,롯데쇼핑㈜롯데엔터테인먼트,12세이상관람가,"액션,드라마,스릴러",후안 안토니오 바요나,"이완 맥그리거,나오미 왓츠",625192,4460167500,3
몬스터 호텔,2013-01-17,3476763500,497550,미국,,소니픽쳐스릴리징월트디즈니스튜디오스코리아(주),전체관람가,"애니메이션,가족",겐디 타르타코프스키,"아담 샌들러,스티브 부세미,프란 드레셔,앤디 샘버그,정찬우,김태균",884885,6080221500,2
잭 리처,2013-01-17,4314962500,587781,미국,파라마운트 픽쳐스,씨제이이앤엠 주식회사,15세이상관람가,액션,크리스토퍼 맥쿼리,"톰 크루즈,로자문드 파이크,로버트 듀발,베르너 헤어조크,리차드 젠킨스,데이빗 오예로오",784031,5758577000,3
7번방의 선물,2013-01-23,16811391702,2337551,한국,"㈜화인웍스,(주)씨엘엔터테인먼트",(주)넥스트엔터테인먼트월드(NEW),15세이상관람가,"코미디,드라마",이환경,"류승룡,박신혜,갈소원,정진영,오달수,박원상,김정태,정만식,김기천",12810776,91429295670,3
뽀로로 극장판 슈퍼썰매 대모험,2013-01-23,3026228000,401213,한국,"(주)오콘,중국오락문화투자유한회사",씨제이이앤엠 주식회사,전체관람가,애니메이션,박영균,"이선,이미자,김환진,함수정,홍소영,조현정,정미숙",930092,6820434500,2
명탐정 코난:은빛 날개의 마술사,2013-01-24,798331000,121743,일본,,씨제이이앤엠 주식회사,전체관람가,애니메이션,야마모토 야스이치로,"김선혜,강수진,이정구",176495,1158761500,2
베를린,2013-01-30,19402927121,2658729,한국,"(주)외유내강,씨제이이앤엠 주식회사",씨제이이앤엠 주식회사,15세이상관람가,액션,류승완,"하정우,한석규,류승범,전지현,이경영,최무성,곽도원,김서형,백승익",7166268,52355408637,3
남쪽으로 튀어,2013-02-06,4571422000,630869,한국,"(주)영화사거미,필름트레인",롯데쇼핑㈜롯데엔터테인먼트,15세이상관람가,"코미디,드라마",임순례,"김윤석,오연수,한예리,백승환,박사랑,김성균",832894,5970851500,3
다이하드: 굿 데이 투 다이,2013-02-06,7542574000,985059,미국,,이십세기폭스코리아(주),15세이상관람가,"액션,범죄,스릴러",존 무어,"브루스 윌리스,제이 코트니,패트릭 스튜어트,메리 엘리자베스 윈스테드,콜 하우저",1437956,10825107000,3
눈의 여왕,2013-02-07,1243344000,182374,러시아,,(주)넥스트엔터테인먼트월드(NEW),전체관람가,애니메이션,"블라드 바르베,막심 스베쉬니코브","박보영,이수근,최수민,장광",276911,1846221000,2
남자사용설명서,2013-02-14,2752831257,385387,한국,(주)영화사소풍,쇼박스㈜미디어플렉스,15세이상관람가,"코미디,멜로/로맨스",이원석,"이시영,오정세,박영규,김정태,이원종,배성우,김준성,김민재,경수진",507904,3606602257,3
실버라이닝 플레이북,2013-02-14,708268000,95736,미국,,(주)나이너스엔터테인먼트,청소년관람불가,"멜로/로맨스,코미디,드라마",데이빗 O. 러셀,"제니퍼 로렌스,브래들리 쿠퍼,로버트 드니로",126806,947336500,1
해양경찰 마르코,2013-02-14,841306500,132388,덴마크,,(주)인벤트스톤,전체관람가,"어드벤처,애니메이션",얀 리벡,"이광수,송지효",181740,1151907000,2
헨젤과 그레텔: 마녀 사냥꾼 3D,2013-02-14,1915482500,241693,미국,,씨제이이앤엠 주식회사,청소년관람불가,"액션,코미디,판타지",토미 위르콜라,"제레미 레너,젬마 아터튼,팜케 얀센",269510,2122205602,1
더 자이언트,2013-02-21,664999000,106290,미국,,(주)마인스 엔터테인먼트,전체관람가,애니메이션,프라파스 콜사라논,"김준현,정범균,김지민",157986,996636000,2
분노의 윤리학,2013-02-21,1412787500,192570,한국,"(주)티피에스컴퍼니,㈜사람엔터테인먼트",롯데쇼핑㈜롯데엔터테인먼트,청소년관람불가,"스릴러,드라마",박명랑,"이제훈,조진웅,김태훈,곽도원,문소리",225618,1658653000,1
빌리와 용감한 녀석들 2,2013-02-21,1148863500,177945,인도,,(주)에스비에스콘텐츠허브,전체관람가,"애니메이션,어드벤처",닉힐 아드바니,"캐리 엘위스,크리스토퍼 로이드,제인 린치,바네사 윌리암스,정태호,박성광,신보라,양선일",306837,2006325000,2
신세계,2013-02-21,11238899755,1512641,한국,"(주)사나이픽처스,페퍼민트앤컴퍼니,(주)기안컬처테인먼트,(주)파트너스케이",(주)넥스트엔터테인먼트월드(NEW),청소년관람불가,"범죄,액션",박훈정,"이정재,최민식,황정민,박성웅,송지효,정영기,이경영",4682418,34880882905,1
차이니즈 조디악,2013-02-27,1676440500,239560,중국,,롯데쇼핑㈜롯데엔터테인먼트,12세이상관람가,"액션,어드벤처",성룡,"성룡,권상우",315305,2211711500,3
스토커,2013-02-28,2224933674,297926,미국,,이십세기폭스코리아(주),청소년관람불가,"드라마,스릴러",박찬욱,"미아 바시코브스카,매튜 구드,니콜 키드먼,더못 멀로니,잭키 위버",378874,2829265174,1
잭 더 자이언트 킬러,2013-02-28,5697810500,725321,미국,,워너브러더스코리아(주),12세이상관람가,"판타지,드라마,어드벤처",브라이언 싱어,"니콜라스 홀트,이완 맥그리거,엘레노어 톰린슨,빌 나이,존 캐시어,스탠리 투치",956145,7376426000,3
사이코메트리,2013-03-07,2904107095,389566,한국,"(주)미라클필름,(주)파워이엔티,㈜게이트픽쳐스",씨제이이앤엠 주식회사,청소년관람불가,미스터리,권호영,"김강우,김범,박혁권,이준혁,서현철,박성웅",534273,3978495129,1
오즈 그레이트 앤드 파워풀,2013-03-07,2168746000,262698,미국,,소니픽쳐스릴리징월트디즈니스튜디오스코리아(주),전체관람가,"판타지,어드벤처,액션",샘 레이미,"제임스 프랭코,미쉘 윌리엄스,레이첼 웨이즈,밀라 쿠니스",350561,2886173000,2
제로 다크 서티,2013-03-07,669089000,93904,미국,,(주)에스비에스콘텐츠허브,15세이상관람가,"전쟁,액션,스릴러",캐서린 비글로우,"제시카 차스테인,제이슨 클라크,크리스 프랫,조엘 에저튼,에드가 라미레즈",108991,780080000,3
링컨,2013-03-14,655964000,94500,미국,,이십세기폭스코리아(주),12세이상관람가,"드라마,전쟁",스티븐 스필버그,"다니엘 데이 루이스,조셉 고든 레빗,토미 리 존스,샐리 필드",137505,954242500,3
웜 바디스,2013-03-14,4579746124,635810,미국,,씨제이이앤엠 주식회사,15세이상관람가,"멜로/로맨스,액션",조나단 레빈,"니콜라스 홀트,테레사 팔머,존 말코비치",1169839,8361708124,3
파파로티,2013-03-14,4296550000,612782,한국,케이엠컬쳐㈜,쇼박스㈜미디어플렉스,15세이상관람가,드라마,윤종찬,"한석규,이제훈,오달수,조진웅,강소라,이재용",1716429,11825934000,3
안나 카레니나,2013-03-21,616126000,90930,미국,,유니버설픽쳐스인터내셔널 코리아(유),15세이상관람가,드라마,조 라이트,"키라 나이틀리,주드 로,아론 존슨",144499,991240500,3
연애의 온도,2013-03-21,6376719207,868233,한국,(주)뱅가드스튜디오,롯데쇼핑㈜롯데엔터테인먼트,청소년관람불가,"멜로/로맨스,코미디",노덕,"이민기,김민희,최무성,라미란",1865195,13798864446,1
장고:분노의 추적자,2013-03-21,1360557500,188995,미국,,소니픽쳐스릴리징월트디즈니스튜디오스코리아(주),청소년관람불가,"서부극(웨스턴),드라마",쿠엔틴 타란티노,"레오나르도 디카프리오,제이미 폭스,크리스토프 왈츠,케리 워싱톤,사무엘 L. 잭슨,커트 러셀",260144,1883634000,1
지슬 - 끝나지 않은 세월2,2013-03-21,299130100,42321,한국,"자파리필름,설문대영상",(주)영화사 진진,15세이상관람가,드라마,오멸,"이경준,홍상표,문석범,성민철,양정원,오영순,장경섭,우성욱,박순동",143765,986349100,3
지.아이.조 2,2013-03-28,8374675500,1054226,미국,파라마운트 픽쳐스,씨제이이앤엠 주식회사,15세이상관람가,"액션,어드벤처,SF",존 추,"이병헌,브루스 윌리스,드웨인 존슨,채닝 테이텀,애드리앤 팰리키,레이 스티븐슨,레이 파크",1855917,14457048500,3
런닝맨,2013-04-04,5375037500,750063,한국,"(주)크리픽쳐스,이십세기폭스 인터내셔널 프로덕션",이십세기폭스코리아(주),15세이상관람가,"액션,코미디",조동오,"신하균,이민호,김상호,조은지,오정세",1422844,10060239500,3
전설의 주먹,2013-04-10,5875641500,800318,한국,(주)시네마서비스,씨제이이앤엠 주식회사,청소년관람불가,"드라마,액션",강우석,"황정민,유준상,이요원,윤제문,정웅인,성지루,지우",1744585,12777314500,1
오블리비언,2013-04-11,5912695000,799327,미국,,유니버설픽쳐스인터내셔널 코리아(유),15세이상관람가,"액션,SF",조셉 코신스키,"톰 크루즈,모건 프리먼,올가 쿠릴렌코,앤드리아 리즈브로프",1515356,11165841500,3
노리개,2013-04-18,1021695000,139863,한국,(주)마운틴픽쳐스,(주)인벤트스톤,청소년관람불가,드라마,최승호,"마동석,이승연,민지현",169064,1229614500,1
로마 위드 러브,2013-04-18,624945290,85428,미국,,(주)나이너스엔터테인먼트,청소년관람불가,코미디,우디 알렌,"알렉 볼드윈,엘렌 페이지,제시 아이젠버그,페넬로페 크루즈,로베르토 베니니,우디 알렌",180708,1324142801,1
송 포 유,2013-04-18,959499000,136961,영국,,(주)넥스트엔터테인먼트월드(NEW),12세이상관람가,"코미디,드라마",폴 앤드류 윌리엄스,"테렌스 스탬프,바네사 레드그레이브,젬마 아터튼",217194,1484853000,3
아이언맨 3,2013-04-25,30646058000,3783641,미국,,소니픽쳐스릴리징월트디즈니스튜디오스코리아(주),12세이상관람가,"액션,어드벤처,SF",쉐인 블랙,"로버트 다우니 주니어,기네스 팰트로우,벤 킹슬리,가이 피어스,레베카 홀,폴 베타니,존 파브로",9001312,70806211000,3
짱구는 못말려 극장판:태풍을 부르는 나와 우주의 프린세스,2013-04-25,598077500,91498,일본,,롯데쇼핑㈜롯데엔터테인먼트,전체관람가,애니메이션,마스이 소이치,,217320,1430168500,2
전국노래자랑,2013-05-01,3714900500,536980,한국,(주)인앤인픽쳐스,롯데쇼핑㈜롯데엔터테인먼트,12세이상관람가,"코미디,드라마",이종필,"김인권,류현경,김수미,오광록,유연석,이초희,오현경,송해",978413,6687636000,3
고령화 가족,2013-05-09,5047407116,706223,한국,(주)인벤트스톤,씨제이이앤엠 주식회사,15세이상관람가,"드라마,코미디",송해성,"박해일,윤제문,공효진,윤여정,진지희",1141222,8169492153,3
몽타주,2013-05-16,6270305500,872527,한국,(주)미인픽쳐스,(주)넥스트엔터테인먼트월드(NEW),15세이상관람가,스릴러,정근섭,"엄정화,김상경,송영창,조희봉,정해균,유승목",2095592,15002458500,3
미나문방구,2013-05-16,1706998000,251374,한국,(주)별의별,롯데쇼핑㈜롯데엔터테인먼트,전체관람가,"드라마,코미디",정익환,"최강희,봉태규",334323,2247017000,2
위대한 개츠비,2013-05-16,5746430643,774918,미국,,워너브러더스코리아(주),15세이상관람가,"드라마,멜로/로맨스",바즈 루어만,"레오나르도 디카프리오,캐리 뮬리건,토비 맥과이어",1445124,10580582143,3
크루즈 패밀리,2013-05-16,2959028000,412025,미국,,씨제이이앤엠 주식회사,전체관람가,"애니메이션,가족,코미디","커크 드 미코,크리스 샌더스","니콜라스 케이지,라이언 레이놀즈,엠마 스톤,캐서린 키너,클락 듀크,클로리스 리치만",941615,6540060500,2
분노의 질주: 더 맥시멈,2013-05-22,7391766542,991851,미국,,유니버설픽쳐스인터내셔널 코리아(유),15세이상관람가,액션,저스틴 린,"빈 디젤,드웨인 존슨,폴 워커,미셸 로드리게즈",1790368,13202991042,3
비포 미드나잇,2013-05-22,641935000,88827,미국,,(주)팝엔터테인먼트,청소년관람불가,드라마,리차드 링클레이터,"에단 호크,줄리 델피,샤무스 데이비 피츠패트릭",203335,1484527500,1
스타트렉 다크니스,2013-05-30,6813277000,834215,미국,파라마운트 픽쳐스,씨제이이앤엠 주식회사,12세이상관람가,"액션,SF,어드벤처",J.J. 에이브럼스,"크리스 파인,칼 어번,조 샐다나,안톤 옐친,잭커리 퀸토,베네딕 컴버배치",1605279,12964932000,3
애프터 어스,2013-05-30,3263067667,456927,미국,,소니픽쳐스릴리징월트디즈니스튜디오스코리아(주),12세이상관람가,"SF,액션,어드벤처",M. 나이트 샤말란,"윌 스미스,제이든 스미스",537920,3831856167,3
무서운 이야기 2,2013-06-05,2590812000,379117,한국,"(주)수필름,(주)데이지엔터테인먼트",롯데쇼핑㈜롯데엔터테인먼트,15세이상관람가,"미스터리,공포(호러)","김성호,김휘,정범식,민규동","박성웅,이세영,성준,이수혁,백진희,김슬기,정인선,고경표,김지원",495522,3393667500,3
백악관 최후의 날,2013-06-05,964225000,134866,미국,,씨너스엔터테인먼트(주),청소년관람불가,"액션,스릴러",안톤 후쿠아,"제라드 버틀러,모건 프리먼,아론 에크하트,릭 윤",181257,1272025000,1
은밀하게 위대하게,2013-06-05,27207734683,3874357,한국,(주)엠씨엠씨,쇼박스㈜미디어플렉스,15세이상관람가,"액션,코미디,드라마",장철수,"김수현,박기웅,이현우,손현주,박혜숙,김성균,고창석,장광,신정근,홍경인,이채영,박은빈,최우식,이연경",6959083,48700887413,3
맨 오브 스틸,2013-06-13,11828718139,1498139,미국,,워너브러더스코리아(주),12세이상관람가,SF,잭 스나이더,"헨리 카빌,에이미 애덤스,러셀 크로우,케빈 코스트너",2182227,17092964063,3
월드 워 Z,2013-06-20,15622226000,2107923,미국,플랜 비 엔터테인먼트,롯데쇼핑㈜롯데엔터테인먼트,15세이상관람가,"드라마,스릴러,SF,액션,어드벤처",마크 포스터,"브래드 피트,미레일 에노스,매튜 폭스",5237519,38554957000,3
더 웹툰: 예고살인,2013-06-27,4656970070,642992,한국,"(주)필마픽쳐스 ,(주)라인필름,씨제이이앤엠 주식회사",씨제이이앤엠 주식회사,15세이상관람가,"공포(호러),스릴러",김용균,"이시영,엄기준",1200772,8532258570,3
화이트 하우스 다운,2013-06-27,3175531500,449080,미국,,소니픽쳐스릴리징월트디즈니스튜디오스코리아(주),15세이상관람가,"액션,드라마",롤랜드 에머리히,"채닝 테이텀,제이미 폭스,매기 질렌홀",569453,4015410500,3
감시자들,2013-07-03,15724930776,2174289,한국,영화사 집,(주)넥스트엔터테인먼트월드(NEW),15세이상관람가,"범죄,액션","조의석,김병서","설경구,정우성,한효주,이준호,진경",5506770,39371354179,3
론 레인저,2013-07-04,2340266000,328673,미국,,소니픽쳐스릴리징월트디즈니스튜디오스코리아(주),15세이상관람가,"액션,어드벤처",고어 버빈스키,"조니 뎁,어미 하머,헬레나 본햄 카터",387527,2750149500,3
퍼시픽 림,2013-07-11,13558540512,1692669,미국,,워너브러더스코리아(주),12세이상관람가,"액션,SF,어드벤처",길예르모 델 토로,"찰리 허냄,론 펄먼,이드리스 엘바,찰리 데이",2538963,20476314512,3
미스터 고,2013-07-17,6014808000,835315,한국,"(주)덱스터필름,㈜광대무변,(주)컨텐츠아이",쇼박스㈜미디어플렉스,12세이상관람가,"코미디,드라마",김용화,"서교,성동일",1326852,9324028000,3
레드: 더 레전드,2013-07-18,9997156638,1402075,미국,,롯데쇼핑㈜롯데엔터테인먼트,15세이상관람가,"액션,코미디,범죄",딘 패리소트,"브루스 윌리스,존 말코비치,메리 루이스 파커,이병헌,캐서린 제타-존스,안소니 홉킨스,헬렌 미렌",3001842,21491288970,3
극장판 도라에몽: 진구의 비밀도구 박물관,2013-07-25,579360000,90581,일본,,롯데쇼핑㈜롯데엔터테인먼트,전체관람가,"애니메이션,어드벤처",테라모토 유키요,"미즈타 와사비,오오하라 메구미",122054,779788500,2
더 울버린,2013-07-25,6967482500,958016,미국,,이십세기폭스코리아(주),15세이상관람가,"액션,SF",제임스 맨골드,"휴 잭맨,사나다 히로유키,윌 윤 리",1075290,7848983000,3
마지막 4중주,2013-07-25,130860500,17214,미국,,(주)티캐스트,15세이상관람가,드라마,야론 질버만,"필립 세이무어 호프먼,크리스토퍼 월큰,캐서린 키너,마크 이바니르",107480,806877000,3
터보,2013-07-25,6278877500,906927,미국,,씨제이이앤엠 주식회사,전체관람가,애니메이션,데이빗 소렌,"라이언 레이놀즈,폴 지아마티,마이클 페나,사무엘 L. 잭슨,루이스 구즈만,스눕 독,미쉘 로드리게즈",1922151,13103450000,2
더 테러 라이브,2013-07-31,16606716717,2319029,한국,(주)씨네이천,롯데쇼핑㈜롯데엔터테인먼트,15세이상관람가,"범죄,기타",김병우,"하정우,이경영,전혜진,이다윗",5579036,39834056881,3
개구쟁이 스머프 2,2013-08-01,3752788000,568899,미국,,소니픽쳐스릴리징월트디즈니스튜디오스코리아(주),전체관람가,"애니메이션,코미디,가족",라자 고스넬,"박명수,닐 패트릭 해리스,크리스티나 리치,알란 커밍,행크 아자리아,케이티 페리,제이마 메이스",919999,5981827500,2
설국열차,2013-08-01,32239676500,4515661,한국,"(주)모호필름,오퍼스픽쳐스(유)",씨제이이앤엠 주식회사,15세이상관람가,"SF,액션",봉준호,"크리스 에반스,송강호,에드 해리스,존 허트,틸다 스윈튼,제이미 벨,옥타비아 스펜서,이완 브렘너,고아성,알리슨 필",9339555,66941268500,3
명탐정 코난 : 수평선상의 음모,2013-08-07,1581092500,250860,일본,,씨제이이앤엠 주식회사,12세이상관람가,애니메이션,야마모토 야스이치로,"타카야마 미나미,야마자키 와카나,카미야 아키라",389873,2465133000,3
에픽 : 숲속의 전설,2013-08-07,3478136000,497666,미국,,이십세기폭스코리아(주),전체관람가,"애니메이션,어드벤처",크리스 웻지,"아만다 사이프리드,조쉬 허처슨,콜린 파렐,제이슨 서디키스,비욘세 놀즈,조니 녹스빌,크리스토프 왈츠,스티븐 타일러,한승연,정진운",978788,6748089000,2
감기,2013-08-14,14674389500,2084715,한국,"아이러브시네마,(주)아이필름코퍼레이션,씨제이이앤엠 주식회사",아이러브시네마,15세이상관람가,"드라마,어드벤처,액션",김성수,"장혁,수애,박민하,유해진,마동석,이희준,차인표,박정민",3118801,21782612000,3
숨바꼭질,2013-08-14,18445610500,2613622,한국,(주)드림캡쳐,(주)넥스트엔터테인먼트월드(NEW),15세이상관람가,스릴러,허정,"손현주,문정희,전미선",5603987,39601563500,3
R.I.P.D. : 알.아이.피.디.,2013-08-22,704020571,98384,미국,,유니버설픽쳐스인터내셔널 코리아(유),15세이상관람가,"액션,코미디,범죄",로버트 슈벤트케,"라이언 레이놀즈,제프 브리지스,케빈 베이컨,메리 루이스 파커",101425,725156071,3
나우 유 씨 미 : 마술사기단,2013-08-22,10067003587,1434840,미국,,롯데쇼핑㈜롯데엔터테인먼트,12세이상관람가,"범죄,액션,스릴러",루이스 리테리어,"제시 아이젠버그,마크 러팔로,우디 해럴슨,멜라니 로랑,아일라 피셔,데이브 프랑코,마이클 케인,모건 프리먼",2718036,19145648869,3
일대종사,2013-08-22,491855000,69148,중국,,CGV 무비꼴라쥬,12세이상관람가,"액션,드라마",왕가위,"양조위,장쯔이,송혜교,장첸",101351,732757000,3
엘리시움,2013-08-29,6668499500,894342,미국,,소니픽쳐스릴리징월트디즈니스튜디오스코리아(주),청소년관람불가,"SF,액션",닐 블롬캠프,"맷 데이먼,조디 포스터,샬토 코플리,윌리엄 피츠너",1207370,9015843500,1
잡스,2013-08-29,1373572136,194512,미국,,(주)넥스트엔터테인먼트월드(NEW),12세이상관람가,드라마,조슈아 마이클 스턴,"애쉬튼 커처,조쉬 가드,더못 멀로니,매튜 모딘",225142,1594086136,3
바람이 분다,2013-09-05,654389000,93568,일본,스튜디오 지브리,롯데쇼핑㈜롯데엔터테인먼트,전체관람가,"애니메이션,드라마",미야자키 하야오,"안노 히데아키,타키모토 미오리",106432,747207500,2
스파이,2013-09-05,8720924000,1233146,한국,"(주)제이케이필름,씨제이이앤엠 주식회사",씨제이이앤엠 주식회사,15세이상관람가,액션,이승준,"설경구,문소리,다니엘 헤니,고창석,한예리,라미란",3434683,24502715305,3
관상,2013-09-11,22868908500,3231082,한국,"(주)주피터필름,쇼박스㈜미디어플렉스",쇼박스㈜미디어플렉스,15세이상관람가,"사극,드라마",한재림,"송강호,이정재,백윤식,조정석,이종석,김혜수",9075555,65600129000,3
몬스터 대학교,2013-09-12,1932575500,287481,미국,,소니픽쳐스릴리징월트디즈니스튜디오스코리아(주),전체관람가,애니메이션,댄 스캔론,"빌리 크리스탈,존 굿맨,스티브 부세미,롭 리글",861874,5820294000,2
섀도우 헌터스: 뼈의 도시,2013-09-12,2177658000,311736,미국,,롯데쇼핑㈜롯데엔터테인먼트,15세이상관람가,"판타지,액션",해럴드 즈워트,"릴리 콜린스,제이미 캠벨 바우어,케빈 지거스,제미마 웨스트,레나 헤디,조나단 리스 메이어스",571071,4034149500,3
슈퍼배드 2,2013-09-12,2665329000,393661,미국,,유니버설픽쳐스인터내셔널 코리아(유),전체관람가,애니메이션,"크리스 리노드,피에르 코핀","알 파치노,스티브 카렐,미란다 코스그로브,태연,서현",942991,6470490000,2
퍼시 잭슨과 괴물의 바다,2013-09-12,1815088609,251414,미국,,이십세기폭스코리아(주),12세이상관람가,"판타지,어드벤처",쏘어 프류덴탈,"로건 레먼,알렉산드리아 다다리오,브랜든 T. 잭슨",519561,3791190609,3
컨저링,2013-09-17,6474425500,897221,미국,,워너브러더스코리아(주),15세이상관람가,"공포(호러),스릴러",제임스 완,"베라 파미가,패트릭 윌슨,릴리 테일러",2248932,16252078177,3
블루 재스민,2013-09-25,509264500,71657,미국,,(주)인벤트스톤,15세이상관람가,드라마,우디 앨런,"케이트 블란쳇,알렉 볼드윈",115848,845679700,3
히든 카드,2013-09-26,1038708596,145959,미국,,이십세기폭스코리아(주),청소년관람불가,"범죄,스릴러",브래드 퍼맨,"저스틴 팀버레이크,벤 애플렉,젬마 아터튼",151479,1080451651,1
깡철이,2013-10-02,6367395715,888267,한국,"(주)시네마서비스,㈜더드림앤드픽쳐스,㈜팝콘필름",씨제이이앤엠 주식회사,15세이상관람가,"드라마,액션,가족",안권태,"유아인,김해숙,김정태,김성오,정유미,이시언,신정근",1178527,8368181462,3
소원,2013-10-02,6952371000,1000407,한국,(주)필름모멘텀,롯데쇼핑㈜롯데엔터테인먼트,12세이상관람가,드라마,이준익,"설경구,엄지원,이레,김해숙,김상호,라미란,양진성",1962622,13505738000,3
프리즈너스,2013-10-02,1224764500,167381,미국,,"(주)넥스트엔터테인먼트월드(NEW),판씨네마㈜",청소년관람불가,"범죄,드라마,스릴러",드니 빌뇌브,"휴 잭맨,제이크 질렌홀",187486,1369998000,1
러시 : 더 라이벌,2013-10-09,755843500,103175,미국,,롯데쇼핑㈜롯데엔터테인먼트,청소년관람불가,"액션,드라마",론 하워드,"크리스 헴스워스,다니엘 브륄",113848,830302000,1
화이: 괴물을 삼킨 아이,2013-10-09,10417053500,1400176,한국,"나우필름(주),파인하우스필름㈜,쇼박스㈜미디어플렉스",쇼박스㈜미디어플렉스,청소년관람불가,"액션,스릴러",장준환,"여진구,김윤석,조진웅,장현성,김성균,박해준,임지은,남지현",1553300,11473459000,1
